<?xml version="1.0" encoding="UTF-8"?>
<!--

  Copyright : 2012 Freescale, Inc. All Rights Reserved.

  This configuration file is a standard interchange file that's format is maintained
  by Freescale, Inc. The configuration file is a derivative work
  of the Processor Expert Software technology licensed for use by customers
  as defined as SOFTWARE in the product's End User License Agreement. This file
  and format are free to use and distribute for read-only purposes. You do not have
  the right to create these files or modify this format or use for any purposes other
  than interchange with the Processor Expert Software technology.

  THIS SOFTWARE IS PROVIDED "AS IS".

  NO WARRANTIES, WHETHER EXPRESS, IMPLIED OR STATUTORY, INCLUDING, BUT NOT
  LIMITED TO, IMPLIED WARRANTIES OF MERCHANTABILITY AND FITNESS FOR A PARTICULAR
  PURPOSE APPLY TO THIS SOFTWARE. IN NO EVENT WILL FREESCALE BE LIABLE, WHETHER
  IN CONTRACT, TORT, OR OTHERWISE, FOR ANY INCIDENTAL, SPECIAL, INDIRECT,
  CONSEQUENTIAL OR PUNITIVE DAMAGES, INCLUDING, BUT NOT LIMITED TO, DAMAGES FOR
  ANY LOSS OF USE, LOSS OF TIME, INCONVENIENCE, COMMERCIAL LOSS, OR LOST PROFITS,
  SAVINGS, OR REVENUES TO THE FULL EXTENT SUCH MAY BE DISCLAIMED BY LAW.

-->
<export xmlns:xsi="http://www.w3.org/2001/XMLSchema-instance" xsi:noNamespaceSchemaLocation="ProjectInfoDescription.xsd">
  <PROCESSOR>
    <DeviceID>MK20DN128xxx5</DeviceID>
    <CoreNum>1</CoreNum>
    <Cores>
      <Core>
        <CoreSet>Cortex-M4</CoreSet>
      </Core>
    </Cores>
    <SRAMsize>16k</SRAMsize>
    <FLASHsize>128k</FLASHsize>
  </PROCESSOR>
  <PATHS>
    <LinkerCommandFile>C:\Users\Simon\Documents\HSLU\FS18\PAIND\RepoPNP\tinyk20_PNP_V1\tinyk20_PNP_V1\Project_Settings\Linker_Files\ProcessorExpert.ld</LinkerCommandFile>
    <IncludePaths>
      <Path>C:\Users\Simon\Documents\HSLU\FS18\PAIND\RepoPNP\tinyk20_PNP_V1\tinyk20_PNP_V1\Static_Code\PDD\</Path>
      <Path>C:\Users\Simon\Documents\HSLU\FS18\PAIND\RepoPNP\tinyk20_PNP_V1\tinyk20_PNP_V1\Static_Code\IO_Map\</Path>
      <Path>C:\Users\Simon\Documents\HSLU\FS18\PAIND\RepoPNP\tinyk20_PNP_V1\tinyk20_PNP_V1\Sources\</Path>
      <Path>C:\Users\Simon\Documents\HSLU\FS18\PAIND\RepoPNP\tinyk20_PNP_V1\tinyk20_PNP_V1\Generated_Code\</Path>
    </IncludePaths>
    <SourceCodePaths>
      <Path>C:\Users\Simon\Documents\HSLU\FS18\PAIND\RepoPNP\tinyk20_PNP_V1\tinyk20_PNP_V1\Generated_Code\</Path>
      <Path>C:\Users\Simon\Documents\HSLU\FS18\PAIND\RepoPNP\tinyk20_PNP_V1\tinyk20_PNP_V1\Project_Settings\Startup_Code\</Path>
      <Path>C:\Users\Simon\Documents\HSLU\FS18\PAIND\RepoPNP\tinyk20_PNP_V1\tinyk20_PNP_V1\Sources\</Path>
    </SourceCodePaths>
  </PATHS>
  <FILES>
    <GeneratedCs>
      <PathName>C:\Users\Simon\Documents\HSLU\FS18\PAIND\RepoPNP\tinyk20_PNP_V1\tinyk20_PNP_V1\Generated_Code\AS1.c</PathName>
      <PathName>C:\Users\Simon\Documents\HSLU\FS18\PAIND\RepoPNP\tinyk20_PNP_V1\tinyk20_PNP_V1\Generated_Code\ASerialLdd1.c</PathName>
      <PathName>C:\Users\Simon\Documents\HSLU\FS18\PAIND\RepoPNP\tinyk20_PNP_V1\tinyk20_PNP_V1\Generated_Code\BitIoLdd1.c</PathName>
      <PathName>C:\Users\Simon\Documents\HSLU\FS18\PAIND\RepoPNP\tinyk20_PNP_V1\tinyk20_PNP_V1\Generated_Code\BitIoLdd10.c</PathName>
      <PathName>C:\Users\Simon\Documents\HSLU\FS18\PAIND\RepoPNP\tinyk20_PNP_V1\tinyk20_PNP_V1\Generated_Code\BitIoLdd2.c</PathName>
      <PathName>C:\Users\Simon\Documents\HSLU\FS18\PAIND\RepoPNP\tinyk20_PNP_V1\tinyk20_PNP_V1\Generated_Code\BitIoLdd3.c</PathName>
      <PathName>C:\Users\Simon\Documents\HSLU\FS18\PAIND\RepoPNP\tinyk20_PNP_V1\tinyk20_PNP_V1\Generated_Code\BitIoLdd4.c</PathName>
      <PathName>C:\Users\Simon\Documents\HSLU\FS18\PAIND\RepoPNP\tinyk20_PNP_V1\tinyk20_PNP_V1\Generated_Code\BitIoLdd5.c</PathName>
      <PathName>C:\Users\Simon\Documents\HSLU\FS18\PAIND\RepoPNP\tinyk20_PNP_V1\tinyk20_PNP_V1\Generated_Code\BitIoLdd6.c</PathName>
      <PathName>C:\Users\Simon\Documents\HSLU\FS18\PAIND\RepoPNP\tinyk20_PNP_V1\tinyk20_PNP_V1\Generated_Code\BitIoLdd7.c</PathName>
      <PathName>C:\Users\Simon\Documents\HSLU\FS18\PAIND\RepoPNP\tinyk20_PNP_V1\tinyk20_PNP_V1\Generated_Code\BitIoLdd8.c</PathName>
      <PathName>C:\Users\Simon\Documents\HSLU\FS18\PAIND\RepoPNP\tinyk20_PNP_V1\tinyk20_PNP_V1\Generated_Code\BitIoLdd9.c</PathName>
      <PathName>C:\Users\Simon\Documents\HSLU\FS18\PAIND\RepoPNP\tinyk20_PNP_V1\tinyk20_PNP_V1\Generated_Code\CLS1.c</PathName>
      <PathName>C:\Users\Simon\Documents\HSLU\FS18\PAIND\RepoPNP\tinyk20_PNP_V1\tinyk20_PNP_V1\Generated_Code\CS1.c</PathName>
      <PathName>C:\Users\Simon\Documents\HSLU\FS18\PAIND\RepoPNP\tinyk20_PNP_V1\tinyk20_PNP_V1\Generated_Code\Cpu.c</PathName>
      <PathName>C:\Users\Simon\Documents\HSLU\FS18\PAIND\RepoPNP\tinyk20_PNP_V1\tinyk20_PNP_V1\Generated_Code\DIRA.c</PathName>
      <PathName>C:\Users\Simon\Documents\HSLU\FS18\PAIND\RepoPNP\tinyk20_PNP_V1\tinyk20_PNP_V1\Generated_Code\DIRB.c</PathName>
      <PathName>C:\Users\Simon\Documents\HSLU\FS18\PAIND\RepoPNP\tinyk20_PNP_V1\tinyk20_PNP_V1\Generated_Code\ENC1.c</PathName>
      <PathName>C:\Users\Simon\Documents\HSLU\FS18\PAIND\RepoPNP\tinyk20_PNP_V1\tinyk20_PNP_V1\Generated_Code\FRTOS1.c</PathName>
      <PathName>C:\Users\Simon\Documents\HSLU\FS18\PAIND\RepoPNP\tinyk20_PNP_V1\tinyk20_PNP_V1\Generated_Code\HF1.c</PathName>
      <PathName>C:\Users\Simon\Documents\HSLU\FS18\PAIND\RepoPNP\tinyk20_PNP_V1\tinyk20_PNP_V1\Generated_Code\HMODE.c</PathName>
      <PathName>C:\Users\Simon\Documents\HSLU\FS18\PAIND\RepoPNP\tinyk20_PNP_V1\tinyk20_PNP_V1\Generated_Code\LED1.c</PathName>
      <PathName>C:\Users\Simon\Documents\HSLU\FS18\PAIND\RepoPNP\tinyk20_PNP_V1\tinyk20_PNP_V1\Generated_Code\LED2.c</PathName>
      <PathName>C:\Users\Simon\Documents\HSLU\FS18\PAIND\RepoPNP\tinyk20_PNP_V1\tinyk20_PNP_V1\Generated_Code\LEDpin1.c</PathName>
      <PathName>C:\Users\Simon\Documents\HSLU\FS18\PAIND\RepoPNP\tinyk20_PNP_V1\tinyk20_PNP_V1\Generated_Code\LEDpin2.c</PathName>
      <PathName>C:\Users\Simon\Documents\HSLU\FS18\PAIND\RepoPNP\tinyk20_PNP_V1\tinyk20_PNP_V1\Generated_Code\MCUC1.c</PathName>
      <PathName>C:\Users\Simon\Documents\HSLU\FS18\PAIND\RepoPNP\tinyk20_PNP_V1\tinyk20_PNP_V1\Generated_Code\PE_LDD.c</PathName>
      <PathName>C:\Users\Simon\Documents\HSLU\FS18\PAIND\RepoPNP\tinyk20_PNP_V1\tinyk20_PNP_V1\Generated_Code\PWMA.c</PathName>
      <PathName>C:\Users\Simon\Documents\HSLU\FS18\PAIND\RepoPNP\tinyk20_PNP_V1\tinyk20_PNP_V1\Generated_Code\PWMB.c</PathName>
      <PathName>C:\Users\Simon\Documents\HSLU\FS18\PAIND\RepoPNP\tinyk20_PNP_V1\tinyk20_PNP_V1\Generated_Code\PwmLdd1.c</PathName>
      <PathName>C:\Users\Simon\Documents\HSLU\FS18\PAIND\RepoPNP\tinyk20_PNP_V1\tinyk20_PNP_V1\Generated_Code\PwmLdd2.c</PathName>
      <PathName>C:\Users\Simon\Documents\HSLU\FS18\PAIND\RepoPNP\tinyk20_PNP_V1\tinyk20_PNP_V1\Generated_Code\SW_FWD.c</PathName>
      <PathName>C:\Users\Simon\Documents\HSLU\FS18\PAIND\RepoPNP\tinyk20_PNP_V1\tinyk20_PNP_V1\Generated_Code\SW_MSW.c</PathName>
      <PathName>C:\Users\Simon\Documents\HSLU\FS18\PAIND\RepoPNP\tinyk20_PNP_V1\tinyk20_PNP_V1\Generated_Code\SW_REV.c</PathName>
      <PathName>C:\Users\Simon\Documents\HSLU\FS18\PAIND\RepoPNP\tinyk20_PNP_V1\tinyk20_PNP_V1\Generated_Code\TGT_SWD_OE.c</PathName>
      <PathName>C:\Users\Simon\Documents\HSLU\FS18\PAIND\RepoPNP\tinyk20_PNP_V1\tinyk20_PNP_V1\Generated_Code\TU1.c</PathName>
      <PathName>C:\Users\Simon\Documents\HSLU\FS18\PAIND\RepoPNP\tinyk20_PNP_V1\tinyk20_PNP_V1\Generated_Code\TU2.c</PathName>
      <PathName>C:\Users\Simon\Documents\HSLU\FS18\PAIND\RepoPNP\tinyk20_PNP_V1\tinyk20_PNP_V1\Generated_Code\UTIL1.c</PathName>
      <PathName>C:\Users\Simon\Documents\HSLU\FS18\PAIND\RepoPNP\tinyk20_PNP_V1\tinyk20_PNP_V1\Generated_Code\Vectors.c</PathName>
      <PathName>C:\Users\Simon\Documents\HSLU\FS18\PAIND\RepoPNP\tinyk20_PNP_V1\tinyk20_PNP_V1\Generated_Code\WAIT1.c</PathName>
      <PathName>C:\Users\Simon\Documents\HSLU\FS18\PAIND\RepoPNP\tinyk20_PNP_V1\tinyk20_PNP_V1\Generated_Code\XF1.c</PathName>
      <PathName>C:\Users\Simon\Documents\HSLU\FS18\PAIND\RepoPNP\tinyk20_PNP_V1\tinyk20_PNP_V1\Generated_Code\croutine.c</PathName>
      <PathName>C:\Users\Simon\Documents\HSLU\FS18\PAIND\RepoPNP\tinyk20_PNP_V1\tinyk20_PNP_V1\Generated_Code\event_groups.c</PathName>
      <PathName>C:\Users\Simon\Documents\HSLU\FS18\PAIND\RepoPNP\tinyk20_PNP_V1\tinyk20_PNP_V1\Generated_Code\heap_1.c</PathName>
      <PathName>C:\Users\Simon\Documents\HSLU\FS18\PAIND\RepoPNP\tinyk20_PNP_V1\tinyk20_PNP_V1\Generated_Code\heap_2.c</PathName>
      <PathName>C:\Users\Simon\Documents\HSLU\FS18\PAIND\RepoPNP\tinyk20_PNP_V1\tinyk20_PNP_V1\Generated_Code\heap_3.c</PathName>
      <PathName>C:\Users\Simon\Documents\HSLU\FS18\PAIND\RepoPNP\tinyk20_PNP_V1\tinyk20_PNP_V1\Generated_Code\heap_4.c</PathName>
      <PathName>C:\Users\Simon\Documents\HSLU\FS18\PAIND\RepoPNP\tinyk20_PNP_V1\tinyk20_PNP_V1\Generated_Code\heap_5.c</PathName>
      <PathName>C:\Users\Simon\Documents\HSLU\FS18\PAIND\RepoPNP\tinyk20_PNP_V1\tinyk20_PNP_V1\Generated_Code\heap_useNewlib.c</PathName>
      <PathName>C:\Users\Simon\Documents\HSLU\FS18\PAIND\RepoPNP\tinyk20_PNP_V1\tinyk20_PNP_V1\Generated_Code\list.c</PathName>
      <PathName>C:\Users\Simon\Documents\HSLU\FS18\PAIND\RepoPNP\tinyk20_PNP_V1\tinyk20_PNP_V1\Generated_Code\mpu_wrappers.c</PathName>
      <PathName>C:\Users\Simon\Documents\HSLU\FS18\PAIND\RepoPNP\tinyk20_PNP_V1\tinyk20_PNP_V1\Generated_Code\port.c</PathName>
      <PathName>C:\Users\Simon\Documents\HSLU\FS18\PAIND\RepoPNP\tinyk20_PNP_V1\tinyk20_PNP_V1\Generated_Code\queue.c</PathName>
      <PathName>C:\Users\Simon\Documents\HSLU\FS18\PAIND\RepoPNP\tinyk20_PNP_V1\tinyk20_PNP_V1\Generated_Code\stream_buffer.c</PathName>
      <PathName>C:\Users\Simon\Documents\HSLU\FS18\PAIND\RepoPNP\tinyk20_PNP_V1\tinyk20_PNP_V1\Generated_Code\tasks.c</PathName>
      <PathName>C:\Users\Simon\Documents\HSLU\FS18\PAIND\RepoPNP\tinyk20_PNP_V1\tinyk20_PNP_V1\Generated_Code\timers.c</PathName>
      <PathName>C:\Users\Simon\Documents\HSLU\FS18\PAIND\RepoPNP\tinyk20_PNP_V1\tinyk20_PNP_V1\Project_Settings\Startup_Code\startup.c</PathName>
      <PathName>C:\Users\Simon\Documents\HSLU\FS18\PAIND\RepoPNP\tinyk20_PNP_V1\tinyk20_PNP_V1\Sources\Application.c</PathName>
      <PathName>C:\Users\Simon\Documents\HSLU\FS18\PAIND\RepoPNP\tinyk20_PNP_V1\tinyk20_PNP_V1\Sources\Events.c</PathName>
      <PathName>C:\Users\Simon\Documents\HSLU\FS18\PAIND\RepoPNP\tinyk20_PNP_V1\tinyk20_PNP_V1\Sources\buttons.c</PathName>
      <PathName>C:\Users\Simon\Documents\HSLU\FS18\PAIND\RepoPNP\tinyk20_PNP_V1\tinyk20_PNP_V1\Sources\comm.c</PathName>
      <PathName>C:\Users\Simon\Documents\HSLU\FS18\PAIND\RepoPNP\tinyk20_PNP_V1\tinyk20_PNP_V1\Sources\encoder.c</PathName>
      <PathName>C:\Users\Simon\Documents\HSLU\FS18\PAIND\RepoPNP\tinyk20_PNP_V1\tinyk20_PNP_V1\Sources\main.c</PathName>
      <PathName>C:\Users\Simon\Documents\HSLU\FS18\PAIND\RepoPNP\tinyk20_PNP_V1\tinyk20_PNP_V1\Sources\motor.c</PathName>
      <PathName>C:\Users\Simon\Documents\HSLU\FS18\PAIND\RepoPNP\tinyk20_PNP_V1\tinyk20_PNP_V1\Sources\platform.c</PathName>
    </GeneratedCs>
    <GeneratedHs>
      <PathName>C:\Users\Simon\Documents\HSLU\FS18\PAIND\RepoPNP\tinyk20_PNP_V1\tinyk20_PNP_V1\Generated_Code\AS1.h</PathName>
      <PathName>C:\Users\Simon\Documents\HSLU\FS18\PAIND\RepoPNP\tinyk20_PNP_V1\tinyk20_PNP_V1\Generated_Code\ASerialLdd1.h</PathName>
      <PathName>C:\Users\Simon\Documents\HSLU\FS18\PAIND\RepoPNP\tinyk20_PNP_V1\tinyk20_PNP_V1\Generated_Code\BitIoLdd1.h</PathName>
      <PathName>C:\Users\Simon\Documents\HSLU\FS18\PAIND\RepoPNP\tinyk20_PNP_V1\tinyk20_PNP_V1\Generated_Code\BitIoLdd10.h</PathName>
      <PathName>C:\Users\Simon\Documents\HSLU\FS18\PAIND\RepoPNP\tinyk20_PNP_V1\tinyk20_PNP_V1\Generated_Code\BitIoLdd2.h</PathName>
      <PathName>C:\Users\Simon\Documents\HSLU\FS18\PAIND\RepoPNP\tinyk20_PNP_V1\tinyk20_PNP_V1\Generated_Code\BitIoLdd3.h</PathName>
      <PathName>C:\Users\Simon\Documents\HSLU\FS18\PAIND\RepoPNP\tinyk20_PNP_V1\tinyk20_PNP_V1\Generated_Code\BitIoLdd4.h</PathName>
      <PathName>C:\Users\Simon\Documents\HSLU\FS18\PAIND\RepoPNP\tinyk20_PNP_V1\tinyk20_PNP_V1\Generated_Code\BitIoLdd5.h</PathName>
      <PathName>C:\Users\Simon\Documents\HSLU\FS18\PAIND\RepoPNP\tinyk20_PNP_V1\tinyk20_PNP_V1\Generated_Code\BitIoLdd6.h</PathName>
      <PathName>C:\Users\Simon\Documents\HSLU\FS18\PAIND\RepoPNP\tinyk20_PNP_V1\tinyk20_PNP_V1\Generated_Code\BitIoLdd7.h</PathName>
      <PathName>C:\Users\Simon\Documents\HSLU\FS18\PAIND\RepoPNP\tinyk20_PNP_V1\tinyk20_PNP_V1\Generated_Code\BitIoLdd8.h</PathName>
      <PathName>C:\Users\Simon\Documents\HSLU\FS18\PAIND\RepoPNP\tinyk20_PNP_V1\tinyk20_PNP_V1\Generated_Code\BitIoLdd9.h</PathName>
      <PathName>C:\Users\Simon\Documents\HSLU\FS18\PAIND\RepoPNP\tinyk20_PNP_V1\tinyk20_PNP_V1\Generated_Code\CLS1.h</PathName>
      <PathName>C:\Users\Simon\Documents\HSLU\FS18\PAIND\RepoPNP\tinyk20_PNP_V1\tinyk20_PNP_V1\Generated_Code\CLS1config.h</PathName>
      <PathName>C:\Users\Simon\Documents\HSLU\FS18\PAIND\RepoPNP\tinyk20_PNP_V1\tinyk20_PNP_V1\Generated_Code\CS1.h</PathName>
      <PathName>C:\Users\Simon\Documents\HSLU\FS18\PAIND\RepoPNP\tinyk20_PNP_V1\tinyk20_PNP_V1\Generated_Code\CS1config.h</PathName>
      <PathName>C:\Users\Simon\Documents\HSLU\FS18\PAIND\RepoPNP\tinyk20_PNP_V1\tinyk20_PNP_V1\Generated_Code\Cpu.h</PathName>
      <PathName>C:\Users\Simon\Documents\HSLU\FS18\PAIND\RepoPNP\tinyk20_PNP_V1\tinyk20_PNP_V1\Generated_Code\DIRA.h</PathName>
      <PathName>C:\Users\Simon\Documents\HSLU\FS18\PAIND\RepoPNP\tinyk20_PNP_V1\tinyk20_PNP_V1\Generated_Code\DIRB.h</PathName>
      <PathName>C:\Users\Simon\Documents\HSLU\FS18\PAIND\RepoPNP\tinyk20_PNP_V1\tinyk20_PNP_V1\Generated_Code\ENC1.h</PathName>
      <PathName>C:\Users\Simon\Documents\HSLU\FS18\PAIND\RepoPNP\tinyk20_PNP_V1\tinyk20_PNP_V1\Generated_Code\FRTOS1.h</PathName>
      <PathName>C:\Users\Simon\Documents\HSLU\FS18\PAIND\RepoPNP\tinyk20_PNP_V1\tinyk20_PNP_V1\Generated_Code\FRTOS1config.h</PathName>
      <PathName>C:\Users\Simon\Documents\HSLU\FS18\PAIND\RepoPNP\tinyk20_PNP_V1\tinyk20_PNP_V1\Generated_Code\FreeRTOS.h</PathName>
      <PathName>C:\Users\Simon\Documents\HSLU\FS18\PAIND\RepoPNP\tinyk20_PNP_V1\tinyk20_PNP_V1\Generated_Code\FreeRTOSConfig.h</PathName>
      <PathName>C:\Users\Simon\Documents\HSLU\FS18\PAIND\RepoPNP\tinyk20_PNP_V1\tinyk20_PNP_V1\Generated_Code\HF1.h</PathName>
      <PathName>C:\Users\Simon\Documents\HSLU\FS18\PAIND\RepoPNP\tinyk20_PNP_V1\tinyk20_PNP_V1\Generated_Code\HF1config.h</PathName>
      <PathName>C:\Users\Simon\Documents\HSLU\FS18\PAIND\RepoPNP\tinyk20_PNP_V1\tinyk20_PNP_V1\Generated_Code\HMODE.h</PathName>
      <PathName>C:\Users\Simon\Documents\HSLU\FS18\PAIND\RepoPNP\tinyk20_PNP_V1\tinyk20_PNP_V1\Generated_Code\IO_Map.h</PathName>
      <PathName>C:\Users\Simon\Documents\HSLU\FS18\PAIND\RepoPNP\tinyk20_PNP_V1\tinyk20_PNP_V1\Generated_Code\LED1.h</PathName>
      <PathName>C:\Users\Simon\Documents\HSLU\FS18\PAIND\RepoPNP\tinyk20_PNP_V1\tinyk20_PNP_V1\Generated_Code\LED1config.h</PathName>
      <PathName>C:\Users\Simon\Documents\HSLU\FS18\PAIND\RepoPNP\tinyk20_PNP_V1\tinyk20_PNP_V1\Generated_Code\LED2.h</PathName>
      <PathName>C:\Users\Simon\Documents\HSLU\FS18\PAIND\RepoPNP\tinyk20_PNP_V1\tinyk20_PNP_V1\Generated_Code\LED2config.h</PathName>
      <PathName>C:\Users\Simon\Documents\HSLU\FS18\PAIND\RepoPNP\tinyk20_PNP_V1\tinyk20_PNP_V1\Generated_Code\LEDpin1.h</PathName>
      <PathName>C:\Users\Simon\Documents\HSLU\FS18\PAIND\RepoPNP\tinyk20_PNP_V1\tinyk20_PNP_V1\Generated_Code\LEDpin2.h</PathName>
      <PathName>C:\Users\Simon\Documents\HSLU\FS18\PAIND\RepoPNP\tinyk20_PNP_V1\tinyk20_PNP_V1\Generated_Code\MCUC1.h</PathName>
      <PathName>C:\Users\Simon\Documents\HSLU\FS18\PAIND\RepoPNP\tinyk20_PNP_V1\tinyk20_PNP_V1\Generated_Code\MCUC1config.h</PathName>
      <PathName>C:\Users\Simon\Documents\HSLU\FS18\PAIND\RepoPNP\tinyk20_PNP_V1\tinyk20_PNP_V1\Generated_Code\PE_Const.h</PathName>
      <PathName>C:\Users\Simon\Documents\HSLU\FS18\PAIND\RepoPNP\tinyk20_PNP_V1\tinyk20_PNP_V1\Generated_Code\PE_Error.h</PathName>
      <PathName>C:\Users\Simon\Documents\HSLU\FS18\PAIND\RepoPNP\tinyk20_PNP_V1\tinyk20_PNP_V1\Generated_Code\PE_LDD.h</PathName>
      <PathName>C:\Users\Simon\Documents\HSLU\FS18\PAIND\RepoPNP\tinyk20_PNP_V1\tinyk20_PNP_V1\Generated_Code\PE_Types.h</PathName>
      <PathName>C:\Users\Simon\Documents\HSLU\FS18\PAIND\RepoPNP\tinyk20_PNP_V1\tinyk20_PNP_V1\Generated_Code\PWMA.h</PathName>
      <PathName>C:\Users\Simon\Documents\HSLU\FS18\PAIND\RepoPNP\tinyk20_PNP_V1\tinyk20_PNP_V1\Generated_Code\PWMB.h</PathName>
      <PathName>C:\Users\Simon\Documents\HSLU\FS18\PAIND\RepoPNP\tinyk20_PNP_V1\tinyk20_PNP_V1\Generated_Code\PwmLdd1.h</PathName>
      <PathName>C:\Users\Simon\Documents\HSLU\FS18\PAIND\RepoPNP\tinyk20_PNP_V1\tinyk20_PNP_V1\Generated_Code\PwmLdd2.h</PathName>
      <PathName>C:\Users\Simon\Documents\HSLU\FS18\PAIND\RepoPNP\tinyk20_PNP_V1\tinyk20_PNP_V1\Generated_Code\SW_FWD.h</PathName>
      <PathName>C:\Users\Simon\Documents\HSLU\FS18\PAIND\RepoPNP\tinyk20_PNP_V1\tinyk20_PNP_V1\Generated_Code\SW_MSW.h</PathName>
      <PathName>C:\Users\Simon\Documents\HSLU\FS18\PAIND\RepoPNP\tinyk20_PNP_V1\tinyk20_PNP_V1\Generated_Code\SW_REV.h</PathName>
      <PathName>C:\Users\Simon\Documents\HSLU\FS18\PAIND\RepoPNP\tinyk20_PNP_V1\tinyk20_PNP_V1\Generated_Code\TGT_SWD_OE.h</PathName>
      <PathName>C:\Users\Simon\Documents\HSLU\FS18\PAIND\RepoPNP\tinyk20_PNP_V1\tinyk20_PNP_V1\Generated_Code\TU1.h</PathName>
      <PathName>C:\Users\Simon\Documents\HSLU\FS18\PAIND\RepoPNP\tinyk20_PNP_V1\tinyk20_PNP_V1\Generated_Code\TU2.h</PathName>
      <PathName>C:\Users\Simon\Documents\HSLU\FS18\PAIND\RepoPNP\tinyk20_PNP_V1\tinyk20_PNP_V1\Generated_Code\UTIL1.h</PathName>
      <PathName>C:\Users\Simon\Documents\HSLU\FS18\PAIND\RepoPNP\tinyk20_PNP_V1\tinyk20_PNP_V1\Generated_Code\UTIL1config.h</PathName>
      <PathName>C:\Users\Simon\Documents\HSLU\FS18\PAIND\RepoPNP\tinyk20_PNP_V1\tinyk20_PNP_V1\Generated_Code\WAIT1.h</PathName>
      <PathName>C:\Users\Simon\Documents\HSLU\FS18\PAIND\RepoPNP\tinyk20_PNP_V1\tinyk20_PNP_V1\Generated_Code\WAIT1config.h</PathName>
      <PathName>C:\Users\Simon\Documents\HSLU\FS18\PAIND\RepoPNP\tinyk20_PNP_V1\tinyk20_PNP_V1\Generated_Code\XF1.h</PathName>
      <PathName>C:\Users\Simon\Documents\HSLU\FS18\PAIND\RepoPNP\tinyk20_PNP_V1\tinyk20_PNP_V1\Generated_Code\XF1config.h</PathName>
      <PathName>C:\Users\Simon\Documents\HSLU\FS18\PAIND\RepoPNP\tinyk20_PNP_V1\tinyk20_PNP_V1\Generated_Code\croutine.h</PathName>
      <PathName>C:\Users\Simon\Documents\HSLU\FS18\PAIND\RepoPNP\tinyk20_PNP_V1\tinyk20_PNP_V1\Generated_Code\deprecated_definitions.h</PathName>
      <PathName>C:\Users\Simon\Documents\HSLU\FS18\PAIND\RepoPNP\tinyk20_PNP_V1\tinyk20_PNP_V1\Generated_Code\event_groups.h</PathName>
      <PathName>C:\Users\Simon\Documents\HSLU\FS18\PAIND\RepoPNP\tinyk20_PNP_V1\tinyk20_PNP_V1\Generated_Code\freertos_tasks_c_additions.h</PathName>
      <PathName>C:\Users\Simon\Documents\HSLU\FS18\PAIND\RepoPNP\tinyk20_PNP_V1\tinyk20_PNP_V1\Generated_Code\list.h</PathName>
      <PathName>C:\Users\Simon\Documents\HSLU\FS18\PAIND\RepoPNP\tinyk20_PNP_V1\tinyk20_PNP_V1\Generated_Code\message_buffer.h</PathName>
      <PathName>C:\Users\Simon\Documents\HSLU\FS18\PAIND\RepoPNP\tinyk20_PNP_V1\tinyk20_PNP_V1\Generated_Code\mpu_prototypes.h</PathName>
      <PathName>C:\Users\Simon\Documents\HSLU\FS18\PAIND\RepoPNP\tinyk20_PNP_V1\tinyk20_PNP_V1\Generated_Code\mpu_wrappers.h</PathName>
      <PathName>C:\Users\Simon\Documents\HSLU\FS18\PAIND\RepoPNP\tinyk20_PNP_V1\tinyk20_PNP_V1\Generated_Code\portTicks.h</PathName>
      <PathName>C:\Users\Simon\Documents\HSLU\FS18\PAIND\RepoPNP\tinyk20_PNP_V1\tinyk20_PNP_V1\Generated_Code\portable.h</PathName>
      <PathName>C:\Users\Simon\Documents\HSLU\FS18\PAIND\RepoPNP\tinyk20_PNP_V1\tinyk20_PNP_V1\Generated_Code\portmacro.h</PathName>
      <PathName>C:\Users\Simon\Documents\HSLU\FS18\PAIND\RepoPNP\tinyk20_PNP_V1\tinyk20_PNP_V1\Generated_Code\projdefs.h</PathName>
      <PathName>C:\Users\Simon\Documents\HSLU\FS18\PAIND\RepoPNP\tinyk20_PNP_V1\tinyk20_PNP_V1\Generated_Code\queue.h</PathName>
      <PathName>C:\Users\Simon\Documents\HSLU\FS18\PAIND\RepoPNP\tinyk20_PNP_V1\tinyk20_PNP_V1\Generated_Code\semphr.h</PathName>
      <PathName>C:\Users\Simon\Documents\HSLU\FS18\PAIND\RepoPNP\tinyk20_PNP_V1\tinyk20_PNP_V1\Generated_Code\stack_macros.h</PathName>
      <PathName>C:\Users\Simon\Documents\HSLU\FS18\PAIND\RepoPNP\tinyk20_PNP_V1\tinyk20_PNP_V1\Generated_Code\stream_buffer.h</PathName>
      <PathName>C:\Users\Simon\Documents\HSLU\FS18\PAIND\RepoPNP\tinyk20_PNP_V1\tinyk20_PNP_V1\Generated_Code\task.h</PathName>
      <PathName>C:\Users\Simon\Documents\HSLU\FS18\PAIND\RepoPNP\tinyk20_PNP_V1\tinyk20_PNP_V1\Generated_Code\timers.h</PathName>
      <PathName>C:\Users\Simon\Documents\HSLU\FS18\PAIND\RepoPNP\tinyk20_PNP_V1\tinyk20_PNP_V1\Sources\Application.h</PathName>
      <PathName>C:\Users\Simon\Documents\HSLU\FS18\PAIND\RepoPNP\tinyk20_PNP_V1\tinyk20_PNP_V1\Sources\Events.h</PathName>
      <PathName>C:\Users\Simon\Documents\HSLU\FS18\PAIND\RepoPNP\tinyk20_PNP_V1\tinyk20_PNP_V1\Sources\buttons.h</PathName>
      <PathName>C:\Users\Simon\Documents\HSLU\FS18\PAIND\RepoPNP\tinyk20_PNP_V1\tinyk20_PNP_V1\Sources\comm.h</PathName>
      <PathName>C:\Users\Simon\Documents\HSLU\FS18\PAIND\RepoPNP\tinyk20_PNP_V1\tinyk20_PNP_V1\Sources\encoder.h</PathName>
      <PathName>C:\Users\Simon\Documents\HSLU\FS18\PAIND\RepoPNP\tinyk20_PNP_V1\tinyk20_PNP_V1\Sources\motor.h</PathName>
      <PathName>C:\Users\Simon\Documents\HSLU\FS18\PAIND\RepoPNP\tinyk20_PNP_V1\tinyk20_PNP_V1\Sources\platform.h</PathName>
      <PathName>C:\Users\Simon\Documents\HSLU\FS18\PAIND\RepoPNP\tinyk20_PNP_V1\tinyk20_PNP_V1\Static_Code\IO_Map\MK20D5.h</PathName>
      <PathName>C:\Users\Simon\Documents\HSLU\FS18\PAIND\RepoPNP\tinyk20_PNP_V1\tinyk20_PNP_V1\Static_Code\PDD\ADC_PDD.h</PathName>
      <PathName>C:\Users\Simon\Documents\HSLU\FS18\PAIND\RepoPNP\tinyk20_PNP_V1\tinyk20_PNP_V1\Static_Code\PDD\CMP_PDD.h</PathName>
      <PathName>C:\Users\Simon\Documents\HSLU\FS18\PAIND\RepoPNP\tinyk20_PNP_V1\tinyk20_PNP_V1\Static_Code\PDD\CMT_PDD.h</PathName>
      <PathName>C:\Users\Simon\Documents\HSLU\FS18\PAIND\RepoPNP\tinyk20_PNP_V1\tinyk20_PNP_V1\Static_Code\PDD\CRC_PDD.h</PathName>
      <PathName>C:\Users\Simon\Documents\HSLU\FS18\PAIND\RepoPNP\tinyk20_PNP_V1\tinyk20_PNP_V1\Static_Code\PDD\DMAMUX_PDD.h</PathName>
      <PathName>C:\Users\Simon\Documents\HSLU\FS18\PAIND\RepoPNP\tinyk20_PNP_V1\tinyk20_PNP_V1\Static_Code\PDD\DMA_PDD.h</PathName>
      <PathName>C:\Users\Simon\Documents\HSLU\FS18\PAIND\RepoPNP\tinyk20_PNP_V1\tinyk20_PNP_V1\Static_Code\PDD\EWM_PDD.h</PathName>
      <PathName>C:\Users\Simon\Documents\HSLU\FS18\PAIND\RepoPNP\tinyk20_PNP_V1\tinyk20_PNP_V1\Static_Code\PDD\FMC_PDD.h</PathName>
      <PathName>C:\Users\Simon\Documents\HSLU\FS18\PAIND\RepoPNP\tinyk20_PNP_V1\tinyk20_PNP_V1\Static_Code\PDD\FTFL_PDD.h</PathName>
      <PathName>C:\Users\Simon\Documents\HSLU\FS18\PAIND\RepoPNP\tinyk20_PNP_V1\tinyk20_PNP_V1\Static_Code\PDD\FTM_PDD.h</PathName>
      <PathName>C:\Users\Simon\Documents\HSLU\FS18\PAIND\RepoPNP\tinyk20_PNP_V1\tinyk20_PNP_V1\Static_Code\PDD\GPIO_PDD.h</PathName>
      <PathName>C:\Users\Simon\Documents\HSLU\FS18\PAIND\RepoPNP\tinyk20_PNP_V1\tinyk20_PNP_V1\Static_Code\PDD\I2C_PDD.h</PathName>
      <PathName>C:\Users\Simon\Documents\HSLU\FS18\PAIND\RepoPNP\tinyk20_PNP_V1\tinyk20_PNP_V1\Static_Code\PDD\LPTMR_PDD.h</PathName>
      <PathName>C:\Users\Simon\Documents\HSLU\FS18\PAIND\RepoPNP\tinyk20_PNP_V1\tinyk20_PNP_V1\Static_Code\PDD\MCG_PDD.h</PathName>
      <PathName>C:\Users\Simon\Documents\HSLU\FS18\PAIND\RepoPNP\tinyk20_PNP_V1\tinyk20_PNP_V1\Static_Code\PDD\OSC_PDD.h</PathName>
      <PathName>C:\Users\Simon\Documents\HSLU\FS18\PAIND\RepoPNP\tinyk20_PNP_V1\tinyk20_PNP_V1\Static_Code\PDD\PDB_PDD.h</PathName>
      <PathName>C:\Users\Simon\Documents\HSLU\FS18\PAIND\RepoPNP\tinyk20_PNP_V1\tinyk20_PNP_V1\Static_Code\PDD\PDD_Types.h</PathName>
      <PathName>C:\Users\Simon\Documents\HSLU\FS18\PAIND\RepoPNP\tinyk20_PNP_V1\tinyk20_PNP_V1\Static_Code\PDD\PIT_PDD.h</PathName>
      <PathName>C:\Users\Simon\Documents\HSLU\FS18\PAIND\RepoPNP\tinyk20_PNP_V1\tinyk20_PNP_V1\Static_Code\PDD\PORT_PDD.h</PathName>
      <PathName>C:\Users\Simon\Documents\HSLU\FS18\PAIND\RepoPNP\tinyk20_PNP_V1\tinyk20_PNP_V1\Static_Code\PDD\RTC_PDD.h</PathName>
      <PathName>C:\Users\Simon\Documents\HSLU\FS18\PAIND\RepoPNP\tinyk20_PNP_V1\tinyk20_PNP_V1\Static_Code\PDD\SAI_PDD.h</PathName>
      <PathName>C:\Users\Simon\Documents\HSLU\FS18\PAIND\RepoPNP\tinyk20_PNP_V1\tinyk20_PNP_V1\Static_Code\PDD\SIM_PDD.h</PathName>
      <PathName>C:\Users\Simon\Documents\HSLU\FS18\PAIND\RepoPNP\tinyk20_PNP_V1\tinyk20_PNP_V1\Static_Code\PDD\SPI_PDD.h</PathName>
      <PathName>C:\Users\Simon\Documents\HSLU\FS18\PAIND\RepoPNP\tinyk20_PNP_V1\tinyk20_PNP_V1\Static_Code\PDD\SysTick_PDD.h</PathName>
      <PathName>C:\Users\Simon\Documents\HSLU\FS18\PAIND\RepoPNP\tinyk20_PNP_V1\tinyk20_PNP_V1\Static_Code\PDD\UART_PDD.h</PathName>
      <PathName>C:\Users\Simon\Documents\HSLU\FS18\PAIND\RepoPNP\tinyk20_PNP_V1\tinyk20_PNP_V1\Static_Code\PDD\USBDCD_PDD.h</PathName>
      <PathName>C:\Users\Simon\Documents\HSLU\FS18\PAIND\RepoPNP\tinyk20_PNP_V1\tinyk20_PNP_V1\Static_Code\PDD\USB_PDD.h</PathName>
      <PathName>C:\Users\Simon\Documents\HSLU\FS18\PAIND\RepoPNP\tinyk20_PNP_V1\tinyk20_PNP_V1\Static_Code\PDD\VREF_PDD.h</PathName>
      <PathName>C:\Users\Simon\Documents\HSLU\FS18\PAIND\RepoPNP\tinyk20_PNP_V1\tinyk20_PNP_V1\Static_Code\PDD\WDOG_PDD.h</PathName>
    </GeneratedHs>
    <GeneratedASMs>
      <PathName>C:\Users\Simon\Documents\HSLU\FS18\PAIND\RepoPNP\tinyk20_PNP_V1\tinyk20_PNP_V1\Generated_Code\portasm.s</PathName>
    </GeneratedASMs>
  </FILES>
  <OPTIONS>
  </OPTIONS>
</export>
